"# VP exact-sqrt derivation: Michelson-for-winding (deterministic, c=1 units)"
"# T(theta;kappa,v)=2L*sqrt(kappa^2 cos^2 + (1-v^2) sin^2)/(1-v^2); isotropy=>kappa=sqrt(1-v^2)"

v_over_c,kappa_forced=sqrt(1-v^2),kappa_found_numeric,abs_diff,anisotropy@forced,anisotropy@no_contraction,rate@forced,sqrt_exact,leading_1-v^2/2,grade
0.001,0.999999500000,0.999999500000,1.11e-16,4.44e-16,1.0000e-06,0.999999500000,0.999999500000,0.999999500000,[F]
0.010,0.999949998750,0.999949998750,1.11e-16,4.44e-16,1.0001e-04,0.999949998750,0.999949998750,0.999950000000,[F]
0.100,0.994987437107,0.994987437107,1.11e-16,4.44e-16,1.0126e-02,0.994987437107,0.994987437107,0.995000000000,[F]
0.300,0.953939201417,0.953939201417,2.22e-16,4.44e-16,1.0123e-01,0.953939201417,0.953939201417,0.955000000000,[F]
0.500,0.866025403784,0.866025403784,2.22e-16,8.88e-16,3.5727e-01,0.866025403784,0.866025403784,0.875000000000,[F]
0.700,0.714142842854,0.714142842854,3.33e-16,4.44e-16,1.1210e+00,0.714142842854,0.714142842854,0.755000000000,[F]
0.900,0.435889894354,0.435889894354,5.55e-17,8.88e-16,5.9380e+00,0.435889894354,0.435889894354,0.595000000000,[F]
0.990,0.141067359797,0.141067359797,2.78e-17,7.11e-15,8.6325e+01,0.141067359797,0.141067359797,0.509950000000,[F]
