# orderseam_iceFree_ledger.csv — VP Recent-Sequence Cascade, B.5 ordering-seam discharge (Module 53)
# Author: Young Jae Lee · ORCID 0009-0002-7535-8245 · CC BY 4.0
# M30 closed the ordering seam CONDITIONALLY (SH-41 [F]-conditional): glaciation is pre-rupture and the
# inherited geodynamics responses are post-rupture -- ONE timeline -- PROVIDED no inherited post-opening
# response presupposes an ice-free pre-rupture state. M30 explicitly DEFERRED the verification
# ("This should be verified against the inherited volume's content"). This ledger performs that verification,
# response by response, against the parent Atlantic-Expansion volume (DOI 10.5281/zenodo.17978934) as
# inherited and confirmed in Module 21.
# Firewall: present-tense MECHANISM only; no absolute age/rate/occurrence is load-bearing (all [O]/RECORD,
# both directions). The question is strictly: does the response's MECHANISM require the pre-rupture crust to
# be ICE-FREE? It is NOT about when anything happened.
# verdict taxonomy:
#   CONSISTENT  = the response does not presuppose an ice-free pre-rupture state (condition met for this row)
#   REINFORCED  = stronger than consistent: the response positively REQUIRES or is favoured by the ice/cold
#                 pre-state, so an ice-free pre-state would BREAK it (the opposite of presupposing ice-free)
#   CONFLICT    = the response requires an ice-free pre-rupture state -> condition FAILS; per Art.7 the honest
#                 fix is to revise the pre-loading magnitude, not to ignore the conflict
# Pre-registered decision rule (declared before adjudication): the ordering condition is DISCHARGED iff the
# CONFLICT count is exactly 0. Any CONFLICT keeps the seam open and routes to the Art.7 revision branch.
# columns: id,inherited_response,source_section,requires_ice_free_pre_state,reasoning,verdict
id,inherited_response,source_section,requires_ice_free_pre_state,reasoning,verdict
R1,"Void-suction acceleration engine (antipodal rupture opens a pressure-deficit void; suction drives sliding)","parent §13",NO,"The drive is the deep pressure-deficit void created AT rupture; it is powered by dP across the void, a property of the deep configuration, not of the surface. A surface ice load present before rupture neither supplies nor obstructs the suction mechanism. The engine is indifferent to surface ice.","CONSISTENT"
R2,"Unjamming / liquefaction friction collapse (mu_eff via State 4->3 unjamming at dT~25 K, no melt)","parent §14",NO,"The basal shear zone loses its load-bearing network by shear-heating-driven unjamming during slip (post-rupture). The transition depends on coordination z reaching isostaticity, driven by slip heating, not by whether ice sat on the surface beforehand. A modest extra normal stress from a surface load does not require, and is not required to be, absent.","CONSISTENT"
R3,"Stick-slip spreading / duty-cycle opening kinematics (fast slip bursts; 3000 km in ~69 d of actual slip, duty cycle ~1e-9)","parent jamming_bistability.py / §20",NO,"Stick-slip is a basal-friction bistability of the shear band (velocity-weakening, stick-or-fast). It is a deep mechanism set by the gouge state; the persistence or absence of surface ice during opening does not enter the duty-cycle physics. The bursts do not require a subaerial, ice-free surface.","CONSISTENT"
R4,"Re-jamming thermal self-limit (tau = h^2/kappa ~ 9 s; the fast phase self-limits and re-jams/drains)","parent §20",NO,"A diffusive re-jamming timescale of the mm-scale shear band, set by h^2/kappa. It is internal to the shear zone and independent of surface conditions; an ice-free pre-state is neither presupposed nor relevant.","CONSISTENT"
R5,"Energy budget of the opening (W_in = dP * A_eff * d ~ 3e26 J from the suction deficit)","parent §17",NO,"The driving energy is the suction work done by the deep pressure deficit. Its magnitude derives from dP, the void area, and displacement -- none of which reference surface ice. The budget closes the same whether or not ice was present before rupture.","CONSISTENT"
R6,"Cold-thick-lithosphere siting (the parent independently predicts the opening sites in cold/thick lithosphere)","parent §; M21 'three things the full read adds'",NO,"The siting prediction is about LITHOSPHERIC thermal structure (cold, thick, mechanically strong) where rupture localises. It does not require the surface to be ice-free; if anything a cold continental surface is COMPATIBLE with cold lithosphere. Stated precisely: cold-thick lithosphere is not identical to surface glaciation, but the two plausibly co-locate, so the response is fully consistent with -- never contradicted by -- a glacial pre-state.","CONSISTENT"
R7,"Post-opening thermal relaxation (lithospheric cooling / subsidence after opening)","parent / geodynamics",NO,"Thermal relaxation is driven by the opened margin's heat structure decaying with time. Surface ice would, if anything, be an additional cold upper boundary; the relaxation does not presuppose its absence. No ice-free pre-state is required.","CONSISTENT"
R8,"Petroleum formation in the opened basins (source rock -> burial + heat -> oil; traps + salt at the rifted margins)","cascade M27/M28/M37/M41 on the inherited margins",NO,"In the cascade the source rock forms by meltwater-lid stratification -> anoxia -> organic burial (M37/M41), which POSITIVELY REQUIRES the glacial meltwater. An ice-free pre-state would remove the meltwater lid and BREAK the source-rock mechanism. So this post-opening response is not merely consistent with a non-ice-free pre-state -- it depends on the ice, the strict opposite of presupposing ice-free.","REINFORCED"
