unmet_rank,entity,cui,tier,system_class,rankable,raw_burden,burden_grade,evidence_status,treatment_gap_class,efficacy_offset_e,R_treat,treatment_grade,residual_unmet_need,residual_grade,burden_order_provisional,order_locked,headline_unmet_need
1,Achondrogenesis type II,C0220685,extension,skeletal,yes,0.9167,[L],none,no_disease_directed_therapy,0.0000,1.0000,[H],0.9167,[H],no,yes,yes
2,"Niemann-Pick disease, type A",C0268242,flagship,lysosomal,yes,0.8750,[L],none,no_disease_directed_therapy,0.0000,1.0000,[H],0.8750,[H],no,yes,yes
3,Becker muscular dystrophy,C0917713,extension,musculoskeletal,yes,0.6300,[H],symptomatic,symptomatic_only,0.1000,0.9000,[L],0.5670,[H],yes,no,no
4,alpha Thalassemia,C0002312,extension,hematologic,yes,0.6000,[H],symptomatic,symptomatic_only,0.1000,0.9000,[L],0.5400,[H],yes,no,no
5,Achondroplasia,C0001080,extension,skeletal,yes,0.7167,[H],disease-modifying (partial),partial_disease_modifying,0.3000,0.7000,[L],0.5017,[H],yes,no,no
6,Duchenne muscular dystrophy,C0013264,flagship,musculoskeletal,yes,0.6800,[L],disease-modifying (partial),partial_disease_modifying,0.3000,0.7000,[L],0.4760,[L],no,yes,no
7,Fabry disease,C0002986,flagship,lysosomal,yes,0.6625,[H],disease-modifying (partial),partial_disease_modifying,0.3000,0.7000,[L],0.4637,[H],yes,no,no
8,Osteogenesis imperfecta,C0029434,flagship,skeletal,yes,0.6400,[H],disease-modifying (partial),partial_disease_modifying,0.3000,0.7000,[L],0.4480,[H],yes,no,no
9,Tyrosinemia type I,C0268490,flagship,hepatic/metabolic,yes,0.8167,[H],disease-modifying (substantial),substantial_disease_modifying,0.5500,0.4500,[L],0.3675,[H],yes,no,no
10,"Glycogen storage disease, type II",C0017921,flagship,metabolic/muscular,yes,0.8125,[H],disease-modifying (substantial),substantial_disease_modifying,0.5500,0.4500,[L],0.3656,[H],yes,no,no
11,Polycystic kidney disease 2,C2751306,flagship,renal,yes,0.5167,[H],disease-modifying (partial),partial_disease_modifying,0.3000,0.7000,[L],0.3617,[H],yes,no,no
12,Classic homocystinuria,C0751202,extension,metabolic,yes,0.8000,[H],disease-modifying (substantial),substantial_disease_modifying,0.5500,0.4500,[L],0.3600,[H],yes,no,no
13,Hurler syndrome,C0086795,extension,lysosomal,yes,0.7500,[H],disease-modifying (substantial),substantial_disease_modifying,0.5500,0.4500,[L],0.3375,[H],yes,no,no
14,Hereditary factor VIII deficiency disease,C0019069,flagship,hematologic,yes,0.7500,[H],disease-modifying (substantial),substantial_disease_modifying,0.5500,0.4500,[L],0.3375,[H],yes,no,no
15,Maple syrup urine disease,C0024776,flagship,metabolic,yes,0.7500,[H],disease-modifying (substantial),substantial_disease_modifying,0.5500,0.4500,[L],0.3375,[H],yes,no,no
16,Phenylketonuria,C0031485,flagship,metabolic,yes,0.7500,[L],disease-modifying (substantial),substantial_disease_modifying,0.5500,0.4500,[L],0.3375,[L],no,yes,no
17,Cystic fibrosis,C0010674,flagship,respiratory/exocrine,yes,0.6833,[H],disease-modifying (substantial),substantial_disease_modifying,0.5500,0.4500,[L],0.3075,[H],yes,no,no
18,Gaucher disease type I,C1961835,extension,lysosomal,yes,0.6750,[H],disease-modifying (substantial),substantial_disease_modifying,0.5500,0.4500,[L],0.3038,[H],yes,no,no
19,Tyrosinemia type II,C0268487,extension,metabolic,yes,0.6667,[L],disease-modifying (substantial),substantial_disease_modifying,0.5500,0.4500,[L],0.3000,[L],no,yes,no
20,Hereditary factor IX deficiency disease,C0008533,extension,hematologic,yes,0.6500,[H],disease-modifying (substantial),substantial_disease_modifying,0.5500,0.4500,[L],0.2925,[H],yes,no,no
21,Gaucher disease,C0017205,flagship,lysosomal,yes,0.6375,[H],disease-modifying (substantial),substantial_disease_modifying,0.5500,0.4500,[L],0.2869,[H],yes,no,no
22,Marfan syndrome,C0024796,flagship,connective_tissue,yes,0.5750,[L],disease-modifying (substantial),substantial_disease_modifying,0.5500,0.4500,[L],0.2587,[L],no,yes,no
23,Beta-thalassemia HBB/LCRB,CN322236,flagship,hematologic,yes,0.5667,[H],disease-modifying (substantial),substantial_disease_modifying,0.5500,0.4500,[L],0.2550,[H],yes,no,no
,"Ehlers-Danlos syndrome, type 4",C0268338,extension,connective_tissue,no,1.0000,[L],disease-modifying (partial),partial_disease_modifying,0.3000,0.7000,[L],0.7000,[L],yes,no,no
,Alkaptonuria,C0002066,extension,metabolic,no,0.8500,[L],disease-modifying (partial),partial_disease_modifying,0.3000,0.7000,[L],0.5950,[L],yes,no,no
,Hb SS disease,C0002895,extension,hematologic,no,0.7000,[H],disease-modifying (partial),partial_disease_modifying,0.3000,0.7000,[L],0.4900,[H],yes,no,no
,Cystinosis,C4316899,flagship,renal/lysosomal,no,0.8500,[L],disease-modifying (substantial),substantial_disease_modifying,0.5500,0.4500,[L],0.3825,[L],yes,no,no
,21-Hydroxylase-Deficient Congenital Adrenal Hyperplasia,C2936858,extension,endocrine,no,0.7500,[H],disease-modifying (substantial),substantial_disease_modifying,0.5500,0.4500,[L],0.3375,[H],yes,no,no
,Wilson disease,C0019202,flagship,hepatic/metabolic,no,0.7500,[H],disease-modifying (substantial),substantial_disease_modifying,0.5500,0.4500,[L],0.3375,[H],yes,no,no
,Cystinuria,C0010691,extension,renal,no,0.7000,[L],disease-modifying (substantial),substantial_disease_modifying,0.5500,0.4500,[L],0.3150,[L],yes,no,no
,Acute intermittent porphyria,C0162565,extension,metabolic,no,0.6500,[L],disease-modifying (substantial),substantial_disease_modifying,0.5500,0.4500,[L],0.2925,[L],yes,no,no
,Hemochromatosis type 1,C3469186,flagship,hepatic/metabolic,no,0.6250,[H],disease-modifying (substantial),substantial_disease_modifying,0.5500,0.4500,[L],0.2812,[H],yes,no,no
,Alpha-1-antitrypsin deficiency,C0221757,flagship,hepatic/respiratory,no,0.3750,[H],disease-modifying (partial),partial_disease_modifying,0.3000,0.7000,[L],0.2625,[H],yes,no,no
,"Ehlers-Danlos syndrome, classic type, 1",C0268335,extension,connective_tissue,no,0.2500,[H],symptomatic,symptomatic_only,0.1000,0.9000,[L],0.2250,[H],yes,no,no
,von Willebrand disease type 1,C1264039,extension,hematologic,no,0.5000,[H],disease-modifying (substantial),substantial_disease_modifying,0.5500,0.4500,[L],0.2250,[H],yes,no,no
