N,rc,Re_eff_mean,eps_bind_mean,eps_bind_std,eps_tot_mean,eps_tot_std,n_mergers_mean
500,0.002,5000.0,0.1942467426335529,0.004651423047471153,0.21458972670790866,0.00704400701850365,294.2
500,0.005,2000.0,0.18694056199698045,0.004651423047471134,0.2072835460713362,0.007044007018503602,117.6
500,0.01,1000.0,0.18382967841158473,0.00465142304747113,0.2041726624859405,0.007044007018503617,58.6
1000,0.002,5088.045629527841,0.1961716054345458,0.003447828120023459,0.21614320500387443,0.00341605842150489,597.0
1000,0.005,2035.2182518111363,0.18879229482825058,0.003447828120023473,0.2087638943975792,0.003416058421504863,238.4
1000,0.01,1017.609125905568,0.18563699320931676,0.00344782812002348,0.20560859277864538,0.003416058421504881,118.8
2000,0.002,5198.970004336019,0.19393536683872675,0.004587170281127301,0.21606430879274224,0.003115328448765251,1181.6
2000,0.005,2079.5880017344075,0.18646601779022412,0.004587170281127345,0.20859495974423964,0.003115328448765251,472.4
2000,0.01,1039.7940008672035,0.18325521540247663,0.004587170281127301,0.20538415735649224,0.003115328448765242,236.0
