cui,entity,considered_state,exclusion_reason
C0002895,Hb SS disease,Anemia: severe,"multi-domain: chronic hemolytic anemia + episodic vaso-occlusive pain crises + cumulative ischemic organ damage (stroke, acute chest, splenic/renal). No single GBD health state captures the dominant sequela without gross under-statement; D left [O] (not guessed)"
C0010674,Cystic fibrosis,Chronic respiratory disease,"multi-system: progressive obstructive lung disease + exocrine pancreatic insufficiency + nutritional/GI involvement; no single dominant GBD state. D left [O]"
C0751202,Classic homocystinuria,Intellectual disability,"variable and pyridoxine(B6)-responsive in a major subset; multi-domain (intellectual disability + ectopia lentis + skeletal marfanoid + thromboembolism); no single dominant untreated state. D left at banked grade (not lifted)"
C0002986,Fabry disease,(none defensible),"multi-domain (progressive renal + cardiac + cerebrovascular + neuropathic pain + GI); no single dominant disability state. D left [O]"
C0019202,Wilson disease,(none defensible),"variable hepatic vs neuropsychiatric presentation; highly treatable; no single dominant untreated disability state. D left [O]"
C0024796,Marfan syndrome,(none defensible),"dominant life-threat is aortic dissection/rupture (captured on the mortality axis); chronic functional disability is variable (skeletal/ocular). No single dominant disability state. D left [O]"
C2751306,Polycystic kidney disease 2,Chronic kidney disease,"disability is stage-dependent (slowly progressive CKD reaching ESRD typically in later adulthood, and not in all); no single fixed-tier dominant state for the untreated natural history. D left [O]"
C0220685,Achondrogenesis type II,(none applicable),"perinatal-lethal skeletal dysplasia: death in utero or neonatally precludes a chronic disability phase (whole burden is on onset/mortality). D left [O]"
C0268490,Tyrosinemia type I,(none applicable),"untreated natural history is mortality-dominant (acute liver failure, hepatocellular carcinoma, neurological crises); no single chronic disability state distinct from the lethal course (burden on the mortality axis). D left [O]"
