grid_label,Nx,Ny,quantity_name,quantity_value,case_name
N50,50,50,x_s_over_R,2.2,water_M1p5_alpha1_idealgas_Rusanov
N50,50,50,p_bar,2.51,water_M1p5_alpha1_idealgas_Rusanov
N50,50,50,p_max,3.42,water_M1p5_alpha1_idealgas_Rusanov
N100,100,100,x_s_over_R,1.9,water_M1p5_alpha1_idealgas_Rusanov
N100,100,100,p_bar,2.38,water_M1p5_alpha1_idealgas_Rusanov
N100,100,100,p_max,3.25,water_M1p5_alpha1_idealgas_Rusanov
N200,200,200,x_s_over_R,1.75,water_M1p5_alpha1_idealgas_Rusanov
N200,200,200,p_bar,2.32,water_M1p5_alpha1_idealgas_Rusanov
N200,200,200,p_max,3.15,water_M1p5_alpha1_idealgas_Rusanov
