step,t,E,Z,eps,up,L,lam,Re_lam,C_eps,eta,kmax_eta,skew
0,0,0.848990,11.7518,0.188029,0.752325,1.337905,0.601013,56.5196,0.590791,0.040622,1.2999,-0.5587
12,0.0480,0.839960,11.7642,0.188228,0.748313,1.334064,0.597492,55.8890,0.599252,0.040611,1.2996,-0.5533
24,0.0960,0.830920,11.7758,0.188413,0.744276,1.330537,0.593977,55.2604,0.608044,0.040601,1.2992,-0.5451
36,0.1440,0.821872,11.7855,0.188568,0.740213,1.327320,0.590492,54.6362,0.617124,0.040593,1.2990,-0.5338
48,0.1920,0.812819,11.7917,0.188667,0.736124,1.324404,0.587076,54.0201,0.626416,0.040588,1.2988,-0.5193
60,0.2400,0.803762,11.7925,0.188680,0.732012,1.321780,0.583775,53.4163,0.635815,0.040587,1.2988,-0.5022
72,0.2880,0.794707,11.7861,0.188577,0.727877,1.319435,0.580636,52.8290,0.645213,0.040592,1.2990,-0.4836
84,0.3360,0.785661,11.7709,0.188334,0.723722,1.317351,0.577694,52.2612,0.654509,0.040606,1.2994,-0.4648
96,0.3840,0.776629,11.7463,0.187941,0.719551,1.315505,0.574965,51.7145,0.663637,0.040627,1.3001,-0.4467
108,0.4320,0.767621,11.7124,0.187399,0.715365,1.313871,0.572447,51.1885,0.672568,0.040656,1.3010,-0.4301
120,0.4800,0.758641,11.6699,0.186719,0.711169,1.312420,0.570124,50.6818,0.681307,0.040693,1.3022,-0.4153
132,0.5280,0.749698,11.6199,0.185918,0.706964,1.311121,0.567972,50.1920,0.689879,0.040737,1.3036,-0.4025
144,0.5760,0.740795,11.5634,0.185014,0.702754,1.309946,0.565968,49.7170,0.698309,0.040787,1.3052,-0.3923
156,0.6240,0.731938,11.5012,0.184019,0.698540,1.308867,0.564094,49.2553,0.706615,0.040842,1.3069,-0.3852
168,0.6720,0.723130,11.4339,0.182942,0.694325,1.307862,0.562337,48.8056,0.714805,0.040901,1.3088,-0.3815
180,0.7200,0.714377,11.3619,0.181790,0.690109,1.306912,0.560691,48.3673,0.722873,0.040966,1.3109,-0.3814
192,0.7680,0.705680,11.2854,0.180566,0.685896,1.305999,0.559154,47.9401,0.730809,0.041035,1.3131,-0.3841
204,0.8160,0.697043,11.2044,0.179270,0.681686,1.305112,0.557726,47.5242,0.738590,0.041109,1.3155,-0.3880
216,0.8640,0.688471,11.1188,0.177901,0.677481,1.304241,0.556414,47.1200,0.746183,0.041188,1.3180,-0.3918
228,0.9120,0.679966,11.0285,0.176456,0.673284,1.303374,0.555227,46.7281,0.753549,0.041272,1.3207,-0.3947
240,0.9600,0.671532,10.9333,0.174932,0.669095,1.302503,0.554171,46.3491,0.760651,0.041362,1.3236,-0.3967
252,1.0080,0.663174,10.8332,0.173331,0.664918,1.301616,0.553249,45.9832,0.767458,0.041457,1.3266,-0.3981
264,1.0560,0.654894,10.7284,0.171654,0.660754,1.300702,0.552463,45.6303,0.773950,0.041558,1.3299,-0.3995
276,1.1040,0.646696,10.6193,0.169908,0.656605,1.299749,0.551808,45.2900,0.780119,0.041664,1.3333,-0.4012
288,1.1520,0.638584,10.5063,0.168102,0.652474,1.298745,0.551275,44.9615,0.785970,0.041776,1.3368,-0.4034
300,1.2000,0.630559,10.3902,0.166244,0.648362,1.297681,0.550852,44.6439,0.791519,0.041892,1.3405,-0.4059
276,1.1040,0.646696,10.6193,0.169908,0.656605,1.299749,0.551808,45.2900,0.780119,0.041664,1.3333,-0.4012
288,1.1520,0.638584,10.5063,0.168102,0.652474,1.298745,0.551275,44.9615,0.785970,0.041776,1.3368,-0.4034
300,1.2000,0.630559,10.3902,0.166244,0.648362,1.297681,0.550852,44.6439,0.791519,0.041892,1.3405,-0.4059
312,1.2480,0.622625,10.2716,0.164345,0.644270,1.296549,0.550528,44.3361,0.796789,0.042012,1.3444,-0.4081
324,1.2960,0.614782,10.1511,0.162417,0.640199,1.295344,0.550288,44.0367,0.801811,0.042137,1.3484,-0.4095
336,1.3440,0.607033,10.0294,0.160471,0.636151,1.294064,0.550115,43.7446,0.806621,0.042264,1.3524,-0.4094
348,1.3920,0.599377,9.9074,0.158519,0.632127,1.292710,0.549990,43.4580,0.811274,0.042393,1.3566,-0.4072
360,1.4400,0.591815,9.7858,0.156573,0.628127,1.291286,0.549894,43.1754,0.815827,0.042524,1.3608,-0.4028
372,1.4880,0.584346,9.6652,0.154644,0.624151,1.289795,0.549812,42.8957,0.820322,0.042656,1.3650,-0.3962
384,1.5360,0.576969,9.5457,0.152731,0.620198,1.288244,0.549741,42.6186,0.824770,0.042789,1.3693,-0.3881
396,1.5840,0.569684,9.4270,0.150832,0.616270,1.286642,0.549687,42.3445,0.829156,0.042923,1.3735,-0.3798
408,1.6320,0.562489,9.3089,0.148942,0.612367,1.284995,0.549660,42.0742,0.833457,0.043059,1.3779,-0.3725
420,1.6800,0.555385,9.1911,0.147057,0.608487,1.283313,0.549667,41.8081,0.837652,0.043196,1.3823,-0.3672
432,1.7280,0.548372,9.0735,0.145176,0.604633,1.281606,0.549712,41.5468,0.841730,0.043336,1.3867,-0.3642
444,1.7760,0.541448,8.9561,0.143298,0.600804,1.279882,0.549799,41.2902,0.845688,0.043477,1.3913,-0.3632
456,1.8240,0.534615,8.8390,0.141424,0.597001,1.278150,0.549926,41.0383,0.849532,0.043620,1.3958,-0.3637
468,1.8720,0.527871,8.7223,0.139557,0.593224,1.276418,0.550090,40.7908,0.853273,0.043765,1.4005,-0.3649
480,1.9200,0.521217,8.6062,0.137699,0.589473,1.274692,0.550288,40.5475,0.856925,0.043912,1.4052,-0.3663
492,1.9680,0.514652,8.4908,0.135852,0.585749,1.272974,0.550514,40.3079,0.860503,0.044061,1.4099,-0.3678
504,2.0160,0.508175,8.3763,0.134020,0.582051,1.271266,0.550765,40.0717,0.864020,0.044210,1.4147,-0.3690
516,2.0640,0.501786,8.2628,0.132205,0.578381,1.269568,0.551037,39.8386,0.867486,0.044361,1.4196,-0.3698
528,2.1120,0.495483,8.1505,0.130407,0.574737,1.267881,0.551326,39.6084,0.870911,0.044514,1.4244,-0.3701
540,2.1600,0.489267,8.0393,0.128629,0.571120,1.266205,0.551630,39.3809,0.874303,0.044667,1.4293,-0.3697
552,2.2080,0.483135,7.9295,0.126872,0.567530,1.264542,0.551945,39.1556,0.877676,0.044820,1.4343,-0.3684
564,2.2560,0.477087,7.8211,0.125138,0.563966,1.262893,0.552268,38.9325,0.881040,0.044975,1.4392,-0.3662
576,2.3040,0.471121,7.7142,0.123427,0.560429,1.261263,0.552595,38.7113,0.884407,0.045130,1.4442,-0.3635
588,2.3520,0.465237,7.6087,0.121739,0.556918,1.259653,0.552926,38.4918,0.887783,0.045286,1.4491,-0.3605
600,2.4000,0.459434,7.5047,0.120075,0.553434,1.258066,0.553261,38.2742,0.891168,0.045442,1.4541,-0.3574
612,2.4480,0.453710,7.4020,0.118433,0.549976,1.256505,0.553603,38.0585,0.894552,0.045598,1.4591,-0.3547
624,2.4960,0.448064,7.3006,0.116810,0.546543,1.254968,0.553956,37.8451,0.897924,0.045756,1.4642,-0.3530
636,2.5440,0.442496,7.2003,0.115204,0.543136,1.253458,0.554326,37.6343,0.901264,0.045915,1.4693,-0.3531
648,2.5920,0.437004,7.1008,0.113613,0.539756,1.251972,0.554719,37.4266,0.904549,0.046074,1.4744,-0.3554
660,2.6400,0.431589,7.0021,0.112034,0.536401,1.250510,0.555144,37.2225,0.907753,0.046236,1.4796,-0.3600
672,2.6880,0.426249,6.9039,0.110463,0.533072,1.249071,0.555608,37.0224,0.910848,0.046400,1.4848,-0.3662
