paper_id,volume_ko,title_en,abbrev,concept_doi,current_version_doi,current_version,registry_locked,role
physics,물리백서,"The Vacuum as a Jammed Elastic Solid, and the Speed of Light as Its Elastic-Wave Speed",VP Theory,10.5281/zenodo.17932566,,,yes,foundation
fluid-dynamics,유체역학,The Configured Continuum,Configured Continuum,10.5281/zenodo.17972568,,,yes,jamming branch
cosmology,우주과학,"Gravity, Galaxies, and Cosmology as Vacuum Inflow",Vacuum-Inflow Cosmology,10.5281/zenodo.20568874,,,yes,inflow branch
geodynamics,대서양확장,A Jamming-Unjamming Mechanism for Rapid Continental Break-up,Jamming Geodynamics,10.5281/zenodo.17978934,,,yes,convergence
dna,dna백서,A Deterministic Two-Layer Interpretation of DNA,4D DNA Blueprint,10.5281/zenodo.20471407,,,yes,jamming branch
geochronology,연대해석법,Foreign-Material Incorporation as a Cross-Chronometer Accuracy Limit,Cross-Chronometer Limit,10.5281/zenodo.20568673,,,yes,methods
chemistry,화학,VP Chemistry & Electromagnetism: Derived from a Single Anchor on the Jamming-Lattice Substrate,TBD(저자 LOCK 대기),10.5281/zenodo.20680540,10.5281/zenodo.20680541,v1.0 (2026-06-13),no,branch (site slug 미확인)
neuro,신경과학,From Ion Channels to Behaviour: A Falsifiable Neural Emergence Chain,TBD(저자 LOCK 대기),10.5281/zenodo.17979015,10.5281/zenodo.20694299,v2 (2026-06-14),no,branch (site /neuro)
mind,사고·의식,"Felt Cognition: Parallel Micro-Eddies, the Stream of Thought, and the Open Problem of Experience",TBD(저자 LOCK 대기),10.5281/zenodo.20694404,10.5281/zenodo.20694405,v1.0 (2026-06-15),no,frontier (site /mind)
